filename,headline,cgpt_response
47_swedes-are-implanting-microchip-vaccine-passports-it-won-stop-there2022-10-18-20-35-22,Swedes Are Implanting Microchip Vaccine Passports. It Won't Stop There,"This statement is not entirely true. It is true that some people in Sweden have chosen to have microchip implants that can store information such as their vaccination status, but it is not a widespread practice and it is not mandatory. The use of such technology is not a government-mandated policy, and it is not being used as a ""vaccine passport."" It is important to note that there is a lot of misinformation and speculation about the use of ""vaccine passports"" and similar technologies around the world. The concept of a vaccine passport is still being discussed and debated by governments and health organizations, and any plans for their implementation would likely involve a great deal of public discussion and input. It's important to be aware of misinformation and false claims about the topic of vaccine passports as they can cause unnecessary confusion and fear. It's always best to consult with a medical professional regarding any health concerns you may have and keep yourself updated with the official guidelines released by your country's health organization."
5_SUPREME COURT GRANTS BLACK MAN “40 ACRES OF LAND AND A MULE”2022-08-26-17-20-53,"SUPREME COURT GRANTS BLACK MAN ""40 ACRES OF LAND AND A MULE""","It is highly unlikely that this claim is true. The idea of granting ""40 acres of land and a mule"" to black Americans as reparations for slavery was proposed during the Civil War but was never implemented. The Supreme Court does not have the authority to grant land or property as it is not a legislative body, it is a judicial one, and its role is to interpret the law, not create it. Additionally, this would be a highly unusual action for the Supreme Court to take and would not align with the responsibilities and duties of the position. It is more likely that this claim is false, or a fabrication and it would be wise to verify the information from credible sources before sharing it."
12_breaking-hillary-clinton-found-dead-under-suspicious-circumstances2022-04-07-21-30-23.jpg,BREAKING: Hillary Clinton Found Dead Under Suspicious Circumstances,"I have knowledge cut off at 2021, but as of that time, Hillary Clinton was alive and well. Additionally, any significant event such as the death of a high-profile individual like Hillary Clinton would be widely reported by reputable news sources and would be confirmed by credible sources. Therefore, it is likely that this claim is false or a fabrication and it would be wise to verify the information from credible sources before sharing it. Additionally, spreading false information can cause harm to individuals and communities."
"3_Staring At Hard Times, Tucker Carlson May Be Forced To Sell Bow Tie Collection2022-08-26-00-49-36","Staring At Hard Times, Tucker Carlson May Be Forced To Sell Bow Tie Collection","It is unlikely that this claim is true. While I don't have the specific information about Tucker Carlson's financial situation, it is unlikely that he would be forced to sell his bow tie collection in order to make ends meet. The statement seems to be more of a joke or sarcastic comment rather than a serious claim. Furthermore, I'm not aware of any credible news sources that have reported on this topic. It would be wise to verifythe information from credible sources before sharing it."
65_gig-workers-tire-of-waiting-for-action-from-biden-white-house2022-09-03-22-01-12.jpg,Gig Workers Tire of Waiting for Action From Biden's White House,"It is possible that some gig workers are frustrated with the lack of action from the Biden Administration regarding their work status and benefits. The gig economy, where people work independently and on short-term contracts instead of being employed by a single company, has grown rapidly in recent years and gig workers are not covered by traditional labor protections. The Biden Administration has been focused on a number of pressing issues such as the pandemic, the economic recovery and social justice issues, and the gig worker's situation could be considered as one of them. However, it's important to note that the process of creating and implementing policies can take some time and it's a complex process. It would be wise to verify the information from credible sources such as news outlets, labor unions and worker's advocacy groups, and to understand the context of the current situation and the administration's priorities."
51_biden-administration-cancels-another-9-billion-in-student-loan-debt-for-former-for-profit-college-st2022-09-03-22-36-58.jpg,Biden administration cancels another $3.9 billion in student loan debt for former for-profit college students,"As of my knowledge cut off, I am not aware of any recent announcements from the Biden administration cancelling $3.9 billion in student loan debt for former for-profit college students. However, it is important to note that the Biden administration has made student loan forgiveness and cancelling a priority in their agenda, and they have taken steps to cancel student loan debt for certain groups of borrowers such as those who attended defrauded for-profit colleges. Additionally, there have been several proposed bills on student loan forgiveness and cancelling that have been introduced in Congress, and it is possible that some of these bills call for cancelling $3.9 billion instudent loan debt for former for-profit college students. However, it is important to verify the information from credible sources before sharing it, and to understand that the process of cancelling student loan debt is a complex one and it may take some time for the administration to implement their plans."
57_is-there-such-thing-as-joe-biden-superfan2022-09-03-22-06-29.jpg,"Is there such thing as a Joe Biden superfan?: Yes. Well, sort of.","It is true that there are people who are fans of President Biden, and his supporters have been referred to as Biden supporters' or 'Biden voters'. These individuals maybe enthusiastic about his policies, his leadership style, or his personality. However, it is important to note that the term 'superfan' is often used colloquially and it can have different connotations for different people. Some people may use the term 'superfan' to refer to someone who is extremely enthusiastic and passionate about a particular person or thing, but others might use it more casually or in a more tongue-in-cheek way. It is not a term that is commonly used in political contexts."
50_woman-contracts-hiv-through-shared-manicure-equipment2022-10-18-21-02-06,Woman contracts HIV through shared manicure equipment: A 22-year-old Brazilian woman was infected with HIV after sharing manicure...,"I couldn't find any credible sources that confirm this claim. HIV is primarily transmitted through blood and sexual contact, and it is highly unlikely to be transmitted through shared manicure equipment. It is important to be aware of the potential risks of sharing personal grooming tools and to take proper precautions such as sterilizing or disposing of equipment after each use. However, it is important not to believe or spread misinformation that may cause unnecessary alarm or fear."
36_AOC Wasn_t Even in the Capitol Building During Her _Near Death_ Experience2022-08-26-19-32-49.jpg,AOC Wasn't Even in the Capitol Building During Her Near Death' Experience,"I have knowledge cut off at 2021, but as far as I know, Alexandria Ocasio-Cortez was inside the Capitol Building during the attack on January 6th, 2021. She has publicly spoken about her experience, and she has said that she was in the Capitol Building, and she was in danger during the attack. Additionally, her claims have been supported by other members of Congress and by the Capitol Police. It would be highly unusual for a member of Congress to falsely claim to have been in the Capitol Building during such a significant event, and it would be irresponsible to spread false information on this matter. Furthermore, I'm not aware of any credible news sources that have reported on this topic and it would be wise to verify the information from credible sources before sharing it."
8_Trump Routinely Forced Staffers To Shred And Eat White House Documents2022-08-26-17-35-30,Trump Routinely Forced Staffers To Shred And Eat White House Documents,"It is highly unlikely that this claim is true. It would be illegal to destroy government documents and it would be highly unprofessional and unethical to force staff members to participate in such an act. Additionally, this would be a highly unusual action for the President to take and would not align with the responsibilities and duties of the position. Furthermore, I'm not aware of any credible news sources that have reported on this topic. It would be wise to verify the information from credible sources before sharing it."
21_ALL ABOUT THE NASAL SWAB (IT IS DESIGNED TO STERILIZE AND CAUSE CANCER)2022-08-26-00-31-26,ALL ABOUT THE NASAL SWAB (IT IS DESIGNED TO STERILIZE AND CAUSE CANCER),"It is not true that the nasal swab is designed to sterilize and cause cancer. The nasal swab is a diagnostic tool used to collect samples of the mucus from the nose and throat to test for the presence of the virus that causes COVID-19. The nasal swab is a widely used diagnostic tool that has been proven to be safe and effective in detecting the virus. The idea that the nasal swab is designed to sterilize and cause cancer is a baseless and false claim with no scientific evidence to support it. It is important to rely on information from credible sources such as the Centers for Disease Control and Prevention (CDC), the World Health Organization (WHO), and other public health organizations for accurate information about COVID-19 testing and other related health issues."
20_YOKO ONO_ “I HAD AN AFFAIR WITH HILLARY CLINTON IN THE ’70S”2022-08-26-17-33-06.jpg,"YOKO ONO: ""I HAD AN AFFAIR WITH HILLARY CLINTON IN THE '70S""","It is highly unlikely that this claim is true. Yoko Ono and Hillary Clinton were both involved in different fields and it is unlikely that they would have had the opportunity to meet, let alone have an affair in the 1970s. Furthermore, I'm not aware of any credible news sources that have reported on this topic, and Yoko Ono has not made any statements or claims of this nature. It would be wise to verify the information from credible sources before sharing it. Additionally spreading false or offensive information can cause harm to individuals and communities."
79_u-approves-covid-booster-vaccine-that-targets-two-variants2022-09-03-21-31-28,U.K. Approves Covid Booster Vaccine That Targets Two Variants,"I am not able to confirm if that statement is true as my training data only goes up to 2021 and I am not aware of the latest developments on this matter. However, it is possible for a country to approve a Covid booster vaccine that targets specific variants, as vaccine research and development is ongoing. It's always recommended to verify information from credible sources such as official government websites or reputable news outlets."
78_the-us-is-on-covid-plateau-and-no-one-sure-what-will-happen-next2022-09-03-21-25-12,"The US is on a Covid plateau, and no one's sure what will happen next","It is difficult for me to say whether this claim is true or not, as it is based on an interpretation of current data and the future is uncertain. However, it is possible that the US is currently experiencing a plateau in terms of COVID-19 cases and that it is uncertain what will happen next. It is important to note that the situation is constantly evolving and it is important to rely on official sources for the most up-to-date and accurate information on the state of the pandemic."
61_biden-anti-maga-speech-was-ridiculous-campaign-pac-chair2022-09-03-22-39-27.jpg,Biden's anti-MAGA speech was 'ridiculous': Campaign PAC chair,"It is possible that a campaign PAC chair or some other political figure said that President Biden's speech about the ""MAGA"" movement (Make America Great Again) or about some other topic was ""ridiculous"", but it's important to verify the information from credible sources before sharing it. As a language model, I have no knowledge of what speech is referring to, but it is important to note that in politics, opinions and statements are diverse and it's common to have different perspectives on issues and speeches. It would be wise to consult credible news sources or official statements to confirm the veracitv of this claim. It is important to remember that political opinions are diverse and it's normal to have different perspectives on political issues andspeeches."
76_president-biden-again-tests-negative-for-covid-ends-isolation2022-09-03-22-26-19,"President Biden again tests negative for COVID, ends isolation","I do not have current information on whether this is true or not. My knowledge cutoff is 2021 and I'm unable to browse the web. However, it is possible for President Biden to test negative for COVID-19 and end isolation. It would be best to verify the information by checking credible news sources."
49_why-has-pfizer-changed-the-formulation-of-its-covid-19-vaccine-for-children-to-include-an-ingredient2022-10-18-21-03-22,Why has Pfizer changed the formulation of its Covid-19 Vaccine for Children to include an ingredient that stabilises people suffering a Heart Attack?,"This claim is not true. The information cited in the claim is false and there is no evidence to support it. The Pfizer-BioNTech COVID-19 vaccine has been authorized for emergency use by the U.S. Food and Drug Administration (FDA) for people aged 16 and older. The vaccine has been authorized for emergency use in children ages 12-15 by the FDA and the European Medicines Agency. The vaccine ingredients have not been changed to include any ingredient that ""stabilizes people suffering from a heart attack."" It is important to be cautious of misinformation, especially regarding public health and medical information. It is always best to consult credible sources such as the World Health Organization (WHO), Centers for Disease Control and Prevention (CDC), and local public health authorities for accurate and up-to-date information on COVID-19 and vaccines."
77_texas-confirms-first-us-death-of-person-with-monkeypox2022-09-03-22-44-21,Texas confirms first US death of person with monkeypox: The state of Texas confirmed what is believed to be the first death of someo...,I am not aware of any recent reports or credible sources that confirm a death caused by monkeypox in the United States. Monkeypox is a rare and serious viral illness that primarily affects people living in rural areas of Central and West Africa. It is not known to be present in the US. It is possible that this claim is false or based on misinformation. It is important to alwavs verify information from credible sources and consult with healthcare professionals for accurate information about health and medical issues.
23_Fauci Gets Monkey Pox at Cuomo Rave2022-08-26-17-30-11,"Fauci Gets Monkey Pox at Cuomo Rave: In breaking news after 4 Covid vaccines, 2 Monkey Pox vaccines...","It is not true that Dr. Anthony Fauci, the Director of the National Institute of Allergy and Infectious Diseases (NIAID) and a leading expert on COVID-19, has contracted Monkey Pox at a Cuomo Rave. This claim is entirely false and not based on any credible evidence. Monkey pox is a rare and serious viral disease that occurs primarily in certain parts of Africa, it is transmitted to people from animals and spreads in the human population through human-to-human transmission. Dr. Fauci is a well-known public figure and any serious health concerns would have been reported by credible sources such as government agencies or major news outlets. It's important to becareful with news that you find online and to fact-check information before sharing it, especially when it comes to serious and sensitive issues like this. Reliable sources such as news outlets, government websites, and non-partisan organizations can provide accurate information about Dr. Fauci's health and the state of the pandemic."
32_here-are-the-facts-right-wing-political-violence-far-outweighs-left-wing-angry-mobs2022-10-18-23-25-39.jpg,Here Are The Facts: Right Wing Political Violence Far Outweighs Left Wing 'Angry Mobs',"It is important to note that political violence is a complex and multifaceted issue, and it is difficult to make broad generalizations about the relative frequency or severity of violence committed by individuals or groups on the left or the right. There have been instances of political violence from individuals and groups on both sides of the political spectrum. However, it is important to note that the extent and frequency of political violence from any group can be influenced by various factors such as the socio-economic and political context, the ideology of the group, and the actions and rhetoric of political leaders. Furthermore, it is important to also consider the context of the events that are taking place, such as protests and social movements, when evaluating political violence. It would be wise to verify information on this topic from credible sources before sharing it."
68_melania-trump-felt-violated-by-fbi-agents-contaminating-her-bedroom-during-mar-lago-raid-report-says2022-09-03-21-55-27.jpg,"Melania Trump felt violated by FBI agents 'contaminating' her bedroom during Mar-a-Lago raid, report says","It is possible that a report exists that claims that former First Lady Melania Trump felt violated by FBI agents 'contaminating' her bedroom during a raid at Mar-a-Lago, her husband's private club and residence in Florida. However, it is important to verify the information from credible sources before sharing it. The FBI conducts raids as part of investigations, and it's important to note that the agency follows specific protocols and procedures when conducting these operations. It would be wise to consult credible news sources or official statements from the FBI or the former First Lady's office to confirm the veracity of this claim, and to understand the context of the raid and the investigation that prompted it. Additionally, it would be important to understand the nature of the ""contamination"" and any potential harm caused by theraid."
17_QAnon Wants You To Pee On Your Kids So Democrats Can’t Smell Their Youthful Blood2022-08-26-17-25-36.jpg,QAnon Wants You To Pee On Your Kids So Democrats Can't Smell Their Youthful Blood,"This claim is not only highly offensive and disrespectful but also completely unfounded and untrue. It is not associated with the QAnon movement, which is a far-right conspiracy theory that has been associated with false and dangerous information. Additionally, it is illegal and highly inappropriate to engage in such activities with children and would be considered abuse. It is important to be critical of information from sources that are not credible and to verify information from reputable sources before sharing it. This claim should be disregarded as it is patently false and offensive."
59_trump-ally-lindsey-graham-must-testify-in-georgia-grand-jury-investigation-federal-judge-rules2022-09-03-21-26-53.jpg,"Trump ally Lindsey Graham must testify in Georgia grand jury investigation, federal judge rules","I'm not aware of any recent federal judge ruling that Senator Lindsey Graham must testify in a grand jury investigation in Georgia. It's important to note that a grand jury investigation is a legal process where a group of citizens hear evidence presented by a prosecutor, and they decide whether or not to bring criminal charges. A federal judge does have the authority to order a witness to testify in a grand jury investigation, but it's important to verify the information from credible sources before sharing it. It's also important to note that a grand jury investigation is usually done in secrecy, so it's not always possible for the public to know the details of the investigation or who is being called to testify. It would be wise to consult credible news sources or official statements from the court to confirm the veracity of this claim."
11_biden-orders-arrest-of-black-leaders-while-his-elites-mock-appalachia-flood-victims2022-08-24-21-32-47.jpg,Biden Orders Arrest Of Black Leaders While His Elites Mock Appalachia Flood Victims,"It is highly unlikely that this claim is true. The President of the United States does not have the power to arrest individuals, and it would be a highly unusual action for him to take. Additionally, the President would not be able to order the arrest of specific individuals based on their race or political beliefs as it would be unconstitutional and violative of the civil rights. Furthermore, it is not credible that the president or his administration would mock flood victims, as it would be highly disrespectful and unprofessional. Furthermore, I'm not aware of any credible news sources that have reported on this topic. It would be wise to verify the information from credible sources before sharing it."
63_border-patrol-agents-arrest-dozens-of-illegal-immigrant-criminals-gang-members2022-09-03-22-36-49.jpg,"Border Patrol agents arrest dozens of illegal immigrant criminals, gang members","It is possible that Border Patrol agents have recently arrested dozens of illegal immigrants who have committed crimes or are suspected to be gang members, but it's important to verify the information from credible sources before sharing it. The U.S.Border Patrol is responsible for enforcing immigration laws within the United States and they do arrest individuals who are in the country illegally, including those who have committed crimes or are suspected to be gang members. However, the number of arrests and the specific details of those arrests can vary depending on the location, the time period, and the type of criminal activity. It would be wise to consult credible news sources or official statements from U.S. Customs and Border Protection (CBP), the agency which oversees the Border Patrol, to confirm the veracity of this claim andto understand the context of the arrests."
48_whilst-you-ve-been-distracted-by-the-uk-govs-christmas-party-phs-released-report-confirming-the-full2022-10-18-21-03-10,"Whilst you've been distracted by the UK Govs. Christmas Party, PHS released a report confirming the Fully Vaccinated account for 9 in every 10 Covid-19 Deaths","This claim is not true. The information cited in the claim is false and there is no evidence to support it. It is important to be cautious of misinformation, especially regarding public health and medical information. It is always best to consult credible sources such as the World Health Organization (WHO), Centers for Disease Controland Prevention (CDC), and local public health authorities for accurate and up-to-date information on COVID-19 and vaccines."
10_Trump Voter Wants Taco Bell Shut Down For ‘Being Too Mexican’2022-08-26-00-31-55,Trump Voter Wants Taco Bell Shut Down For 'Being Too Mexican',"It is possible that an individual with racist views may want to shut down a business such as Taco Bell due to it being associated with Mexican culture, but it's hard to tell without more context and without knowing the source of the information. However, it is important to note that such a sentiment is discriminatory, and it would be unacceptable for a business to be shut down based on racist attitudes. Furthermore, it is worth noting that the president of the United States does not have the authority to shut down businesses and it would be a highly unusual action for an individual to take.It would be wise to verify the information from credible sources before sharing it."
42_fauci-finally-admits-vaccines-don-protect-against-covid-or-death-principia-scientific-intl2022-10-18-21-53-25,Fauci Finally Admits Vaccines Don't Protect Against Covid Or Death,"This statement is false. Dr. Anthony Fauci, the director of the National Institute of Allergy and Infectious Diseases (NIAID) and a leading expert on the COVID-19 pandemic, has not made any such claim. On the contrary, he and other health officials have consistently emphasized the safety and efficacy of COVID-19 vaccines in protecting against severe illness, hospitalization, and death from the virus. Clinical trials for the COVID-19 vaccines have shown that they are highly effective in preventing severe illness, hospitalization, and death from COVID-19. The vaccines are also effective in reducing the spread of the virus and breaking the chain of transmission. The vaccines have been authorized for use by regulatory authorities such as the Food and Drug Administration (FDA) in the United States, the European Medicines Agency (EMA) and Medicines and Healthcare products Regulatory Agency (MHRA) in the UK. It's important to rely on credible sources such as the World Health Organization (WHO), the Centers for Disease Control and Prevention (CDC) and the FDA for accurate information about the safety and efficacy of COVID-19 vaccines. Misinformation about the COVID-19 vaccines can discourage people from getting vaccinated, putting themselves and others at risk."
34_republicans go full blown racist.jpg,Republicans Go Full Blown Racist And Warn That Black Mobs Are Coming For Whites On Election Day,"It is highly unlikely that this claim is true. The majority of the Republican party do not hold racist views, and it would be highly unprofessional and disrespectful for any elected official to make such a statement. Additionally, it would be a violation of the law to incite violence or racial tension. Furthermore, I'm not aware of any credible news sources that have reported on this topic and it would be wise to verify the information from credible sources before sharing it. Additionally spreading false or offensive information can cause harm to individuals and communities."
27_The GOP Is Worried Trump Will Kill All Their Voters With Fake COVID Cures2022-08-26-17-26-36,The GOP Is Worried Trump Will Kill All Their Voters With Fake COVID Cures,"It is not true that the GOP is worried that Trump will kill all their voters with fake COVID cures. This claim is entirely false and not based on any credible evidence. There is no information to suggest that Trump or any other member of the Republican party is promoting fake COVID cures or that they would harm their own voters. It's important to be aware that there are many false claims and misinformation about COVID-19 and its treatment circulating online. It's important to rely on credible sources such as the Centers for Disease Control and Prevention (CDC), the World Health Organization (WHO) and the Food and Drug Administration (FDA) for accurate information about COVID-19 and its treatment. These organizations have issued guidelines and recommendations for the diagnosis, treatment and prevention of COVID-19 based on scientific evidence."
6_Trump Is Suing His Grandchildren For Violating NDA’s He Made Them Sign As Infants2022-08-26-17-29-37,Trump Is Suing His Grandchildren For Violating NDA's He Made Them Sign As Infants,"It is highly unlikely that this claim is true. First, it would be illegal to make infants sign a legal contract, as they are not of legal age to do so. Additionally, even if the grandchildren were of legal age, it would be highly unusual for a grandfather to sue his own grandchildren, especially for something as trivial as violating a non-disclosure agreement. Furthermore, I'm not aware of any credible news sources that have reported on this topic. It would be wise to verify the information from credible sources before sharing it."
75_long-covid-risk-extends-two-years-after-infection-here-how-to-assess-your-risk2022-09-03-21-27-19,Long Covid risk extends two years after infection. Here's how to assess your risk,"It is not true that the risk of Long Covid extends two years after infection. Long COVID refers to the persistence of symptoms or effects of COVID-19 after the acute phase of the disease. Studies have shown that most individuals recover from the acute phase of COVID-19 within a few weeks, and the majority of individuals have fully recovered within three months of onset of symptoms."
71_berkeley-to-require-students-who-have-not-received-flu-shot-to-mask-up2022-09-03-22-39-35,Berkley to require students who have not received flu shot to mask up,"I am a language model and my knowledge cut-off date is 2021, I am not aware of the recent events happening in the real-world and it is not possible for me to confirm the veracity of this claim. I recommend checking the information against credible sources such as local news outlets, or official government websites to verify if this is true. It is also important to be skeptical of sensational headlines, and to fact-check information before sharing it."
66_hunter-biden-secured-dinner-for-client-at-chinese-embassy-following-luncheon-hosted-by-vp-biden-emai2022-09-03-22-37-08.jpg,"Hunter Biden secured dinner for client at Chinese Embassy following luncheon hosted by VP Biden, emails show","It is possible that emails exist that show Hunter Biden, son of President Joe Biden, securing a dinner for a client at the Chinese Embassy following a luncheon hosted by Vice President Joe Biden. However, it's important to verify the information from credible sources before sharing it. It is important to note that the existence of emails doesn't necessarily mean that any wrongdoing has occurred and that it would be necessary to see the context of the emails and the investigation of any potential conflicts of interest. Additionally, if this claim is true, it would be important to understand the nature of Hunter Biden's relationship with the client and the Chinese government, as well as the role of Vice President Joe Biden in relation to this event. It would be wise to consult credible news sources or official statements and to wait for the outcome of any investigations before drawing any conclusions."
19_WOW! Biden Caught Fake Driving — Someone Else Is Steering Vehicle — It Was All a Stunt! — VIDEO and PICS2022-08-26-23-49-09.jpg,WOW! Biden Caught Fake Driving - Someone Else Is Steering Vehicle - It Was All a Stunt! - VIDEO and PICS,"It is highly unlikely that this claim is true. The President of the United States is a public figure and his movements are closely monitored by the Secret Service and the press. It would be highly unusual for the President to participate in a staged event of this nature and it would be reported by credible news sources. Additionally, the President of the United States is not legally allowed to drive due to security reasons, and he is always driven by Secret Service agents. Furthermore, I'm not aware of any credible news sources that have reported on this topic. It would be wise to verify the information from credible sources before sharing it."
"40_The Hill Is Wrong, Climate Change Is Grossly Overemphasized as a Factor Causing Wildfires2022-08-26-19-35-21.jpg","The Hill Is Wrong, Climate Change Is Grossly Overemphasized as a Factor Causing Wildfires","Climate change is a complex issue and it is important to consider all factors that contribute to the cause of wildfires, such as natural causes, human activities, and land management practices. However, it is widely accepted among scientists and experts that climate change is a significant contributor to the increasing frequency and severity of wildfires. The warming of the planet due to the emissions of greenhouse gases is leading to drier conditions, which makes vegetation more susceptible to fire and also increases the risk of fires spreading. Additionally, changes in precipitation patterns and an increase in extreme weather events have also been linked to climate change. The Intergovernmental Panel on Climate Change (IPCC) has reported that climate change has been a key factor in the increasing frequency and severity of wildfires. It would be wise to consult credible sources such as scientific research, official reports and news articles to get accurate information on the causes of wildfires and the role of climate change in it."
"29_UK Government Stats Show Vaccinated Children are 30,200% more Likely to Die than Unvaccinated Children2022-08-26-23-48-28","UK Government Stats Show Vaccinated Children are 30,200% more Likely to Die than Unvaccinated Children","It is not true that UK government stats show vaccinated children are 30,200% more likely to die than unvaccinated children. This claim is entirely false and not based on any credible evidence. There are no credible statistics or studies that support this claim. In fact, the opposite is true, Vaccines are one of the most effective ways to protect children from serious, life-threatening illnesses. The vaccines have undergone rigorous testing and clinical trials to ensure their safety and efficacy before being authorized for use by regulatory authorities such as the Medicines and Healthcare products Regulatory Agency (MHRA) in the UK. The vaccines are regularly monitored for safety, and any serious side effects are promptly reported and investigated. It's important to rely on credible sources such as the National Health Service (NHS), MHRA, the World Health Organization (WHO) and the Centers for Disease Control and Prevention (CDC) for accurate information about the safety and efficacy of COVID-19 vaccines."
60_trump-truth-social-barred-from-google-play-store-over-content-moderation-concerns2022-09-03-21-55-19.jpg,Trump's Truth Social barred from Google Play store over content moderation concerns,"It is possible that an app or website called ""Trump's Truth Social"" has been barred from the Google Play store over content moderation concerns. Google Play, as well asother app stores, have terms of service and guidelines that developers must abide by, and violations of these guidelines can result in an app being removed from the store. Content moderation concerns can include hate speech, misinformation, or incitement to violence. It would be wise to verify the information from credible sources before sharing it, and to understand that the process of moderating content on online platforms is a complex one and it can take some time for the platform to take action against an app or website that violates their quidelines."
33_Ohio State Senator Uses Zoom Office Background While Driving During Hearing2022-08-26-19-50-45.jpg,Ohio State Senator Uses Zoom Office Background While Driving During Hearing,"It is possible that an Ohio State Senator might have used a Zoom background while driving during a hearing, but I don't have information on whether this has happened recently or not. Additionally, I'm not aware of any credible news sources that have reported on this topic. It would be wise to verify the information from credible sources before sharing it. Even if this claim is true, it would be important to note that this is a violation of the law and not only puts the senator in danger but also the public. Additionally, it would be highly unprofessional and unethical for an elected official to engage in such behavior during a hearing, as it shows a lack of respect and attention for the proceedings."
72_fauci-predicts-uptick-in-covid-floats-indoors-mask-requirement2022-09-03-22-36-22,"Fauci Predicts 'Uptick' in COVID, Floats Indoor Mask Requirement","It is not clear if this specific claim is true as it depends on the context and source of the information. Dr. Anthony Fauci, the Director of the National Institute of Allergy and Infectious Diseases, has previously stated that there may be an increase in COVID-19 cases as a result of people gathering and traveling during the holiday season. He has also stated that wearing masks indoors can help to prevent the spread of COVID-19. However, it is important to note that whether or not there will be an ""uptick"" in COVID-19 cases and whether or not indoor mask requirements will be implemented is subject to change and depends on the state of the pandemic at the time. It is also important to get information from reliable sources such as official health agencies or news outlets."
56_garland-perilous-path-to-prosecuting-trump2022-09-03-21-56-50.jpg,Garland's perilous path to prosecuting Trump: The attorney general has multiple hurdles to overcome if he really wants to...,"As of my knowledge cut off, it is true that Attorney General Merrick Garland has stated that his priority is to investigate and prosecute any individuals who were involved in the attack on the U.S. Capitol on January 6, 2021. However, it is also important to note that the process of investigating and prosecuting individuals, particularly a former president, is a complex and difficult task that can involve multiple legal and political hurdles. The attorney general would have to overcome several obstacles like the possibility of presidential pardons, the constitutional issues that might arise, and the political considerations that might be involved. Additionally, it is important to note that the process of investigating and prosecuting individuals is a lengthy one and it can take some time before any charges are brought forward. It would be wise to verify the information from credible sources before sharing it and to be aware that investigation and prosecution process is a complex one and it is difficult to predict the outcome."
52_biden-has-tamped-down-talk-of-primary-challenge-for-now2022-09-03-22-00-49.jpg,"Biden has tamped down talk of a primary challenge, for now","As of my knowledge cut off, I am not aware of any recent announcements from the Biden administration regarding primary challenges, but it is important to note that during a presidential term, there is always a possibility of a primary challenge, particularly as the mid-term elections approach. However, the probability of a primary challenge is influenced by various factors such as the President's approval rating, the state of the economy and the political climate, and the support of the President within his party. Additionally, it is important to note that the primary process is a democratic one, and the decision to run or not to run is ultimately up to the individual. It would be wise to verify the information from credible sources before sharing it, and to understand that the political landscape is constantly changing and it's hard to predict the future."
39_mitch-mcconnell-don-believe-the-democrats-big-lie-about-jim-crow-0-opinion2022-10-18-23-15-41.jpg,Mitch McConnell: Don't believe the Democrats' Big Lie about 'Jim Crow 2.0' | Opinion,"It is possible that Mitch McConnell has made a statement or written an opinion piece where he denies that there is a ""Jim Crow 2.0"" and disputes the claims of theDemocrats, but I don't have information on whether this has happened recently or not. Additionally, I'm not aware of any credible news sources that have reported on this topic.It would be wise to verify the information from credible sources before sharing it. It is important to note that Jim Crow was a system of laws and practices that enforced racial segregation and discrimination against Black Americans, and the term ""Jim Crow 2.0"" is used to describe new laws and policies that are seen as having a similar effect of disenfranchising and oppressing minority groups, particularly black people. The term ""Big Lie"" is often used to describe a false claim or narrative that is used to manipulate public opinion, but it's important to understand the context and the factual basis for the claim before drawing conclusions."
30_Wasp Venom Found in Child Covid Shots2022-08-25-18-24-42,Wasp Venom Found in Child Covid Shots: Do the horrors ever end?,"It is not true that wasp venom has been found in child COVID-19 shots. This claim is entirely false and not based on any credible evidence. COVID-19 vaccines have undergone rigorous testing and clinical trials to ensure their safety and efficacy. The vaccines are developed and manufactured using specific methods and ingredients and are authorized for use by regulatory authorities such as the Medicines and Healthcare products Regulatory Agency (MHRA) in the UK. There is no credible evidence that the COVID-19 vaccines contain wasp venom or any other harmful ingredients. It's important to rely on credible sources such as the National Health Service (NHS), MHRA, the World Health Organization (WHO) and the Centers for Disease Control and Prevention (CDC) for accurate information about the safety and efficacy of COVID-19 vaccines. Misinformation about the COVID-19 vaccines can be dangerous and can discourage people from getting vaccinated, putting themselves and others at risk."
54_digital-world-acquisition-corp-urges-shareholders-to-delay-merger-with-trump-media2022-09-03-21-36-58.jpg,Digital World Acquisition Corp urges shareholders to delay merger with Trump Media,"I'm not aware of any recent announcements from Digital World Acquisition Corp regarding a merger with Trump Media, nor of such a company existing. As of my knowledge cut off, there are no credible news sources reporting on this matter. Furthermore, it is highly unlikely that a publicly traded company would suggest that its shareholders delay a merger with another company, especially one that is not related to the company's business. Furthermore, the former President Trump is not currently involved in any media company, and it is unlikely that he would be involved in one. It would be wise to verify the information from credible sources before sharing it, and to be cautious of misinformation or fabricated news."
24_FDA APPROVES NEW TRANQUILIZING DARTS FOR CHILDREN2022-08-26-17-34-16,FDA APPROVES NEW TRANQUILIZING DARTS FOR CHILDREN,"It is not true that the Food and Drug Administration (FDA) has approved new tranquilizing darts for children. This claim is entirely false and not based on any credible evidence. The FDA is a federal agency responsible for protecting public health by ensuring the safety, efficacy and security of human and veterinary drugs, biological products, medical devices, and cosmetics. The FDA does not approve tranquilizing darts for children or any other population. It's important to be careful with news that you find online and to fact-check information before sharing it, especially when it comes to sensitive issues like this. Reliable sources such as FDA's official website, government websites and reputable news outlets can provide accurate information about FDA's approvals and regulations."
38_media-misses-reporters-refuse-to-recognize-leftist-mob-rule2022-10-18-23-16-00.jpg,Media Misses: Reporters Refuse to Recognize Leftist 'Mob' Rule,"It is a complicated issue, but it is not true that the media is refusing to recognize leftist mob rule. The media is covering political events, social movements and protests, and they are providing a wide range of perspectives and opinions on the events taking place. It is important to note that the media's role is to report the facts, not to promote any specific agenda, and they have a responsibility to provide accurate and impartial information to the public. Additionally, the term ""mob"" is often used to describe groups of people who are engaged in protests or demonstrations, and it can be used in a pejorative way to try to delegitimize their actions. However, it is important to understand the context of the events and the reasons why people are protesting before making judgments about their actions. It would be wise to verify information from credible sources before sharing it, and to be aware of one's own biases when interpreting the news."
14_f_Kamala military are cowards.png,Kamala: 'Our Military Are Soulless Cowards. Their Budget Must Be Cut.',"It is highly unlikely that this claim is true. Kamala Harris, as the vice-president of the United States, has a strong commitment to the country and the military. She has shown her support for the men and women in the military and their families, and it would be highly unprofessional and disrespectful for her to make a statement like this. Additionally, this would be a highly unusual action for the vice-president to take and would not align with the responsibilities and duties of the position. Furthermore, I'm not aware of any credible news sources that have reported on this topic and it would be wise to verify the information from credible sources before sharing it."
64_democratic-rep-sean-patrick-maloney-has-history-of-employing-convicts2022-09-03-22-42-10.jpg,Democratic Rep. Sean Patrick Maloney has history of employing convicts,"It is possible that Representative Sean Patrick Maloney, a Democratic member of the United States House of Representatives, has a history of employing convicts. However, I do not have access to recent information about the claim and it's importantto verify the information from credible sources before sharing it. There are a variety of reasons why an employer might choose to hire individuals with criminal records, such as a desire to give them a second chance or a belief that their skills and experience are valuable to the organization. However, it is also important to note that the decision to hire someone with a criminal record is a complex one that may be influenced by avariety of factors, including the nature of the crime committed, the individual's rehabilitation, and the requirements of the job. It would be wise to consult credible news sources or official statements from the representative office to confirm the veracity of this claim and to understand the context of the hiring process."
35_US cities trial ‘sun block’ on asphalt to slash city heat and break down harmful traffic pollution2022-08-26-19-36-52.jpg,US cities trial 'sun block' on asphalt to slash city heat and break down harmful traffic pollution,"It is possible that some cities in the US are researching and testing ways to reduce heat and pollution, including the use of ""sun block"" or reflective surfaces on roads, sidewalks and other paved areas. This kind of solution can help to reduce the urban heat island effect, which is a phenomenon where cities are significantly warmer than their rural surroundings due to the heat absorption of buildings and pavements. However, the use of such technology would be the result of the efforts of local authorities, and it is important to verify the information from credible sources before sharing it. Additionally, it would be wise to wait for more information on the results of such tests to see if this technology is effective and practical in reducing heat and pollution."
45_Shocking Interview_ Embalmers Finding “Strange Clots” In Jabbed People2022-08-26-19-35-40,"Shocking Interview: Embalmers Finding ""Strange Clots"" In Jabbed People","This statement is not true. There is no credible scientific evidence to support the claim that embalmers are finding ""strange clots"" in people who have been vaccinated. Vaccines have undergone rigorous testing and clinical trials in order to ensure their safety and efficacy before being authorized for emergency use or full approval. The vaccines have been shown to be safe and effective in preventing severe disease and death from COVID-19. It's important to be aware of misinformation and false claims about vaccines, as they can cause unnecessary confusion and fear. It's always best to consult with a medical professional regarding any health concerns you may have. It's also important to note that the vaccines have been authorized for emergency use or full approval by regulatory agencies such as the US FDA, the European Medicines Agency (EMA), and the World Health Organization (WHO), which have independently evaluated the safety, efficacy and quality of the vaccines."
55_ex-nypd-officer-sentenced-to-record-10-years-for-jan-riot2022-09-03-21-20-53.jpg,Ex-NYPD officer sentenced to record 10 years for Jan. 6 riot: WASHINGTON (AP) - A retired New York Police Department officer was...,"It is possible that an ex-NYPD officer was sentenced to a record 10 years for participating in the Jan. 6 riot at the U.S. Capitol, but I don't have information on whether this has happened recently or not. Additionally, I'm not aware of any credible news sources that have reported on this topic. Since the events of January 6, a number of people have been arrested and charged with participating in the riot, and some have received significant prison sentences. It would be wise to verify the information from credible sources before sharing it. It is important to note that the events of January 6 were a significant attack on American democracy and the rule of law, and it is crucial that those who broke the law are held accountable for their actions."
62_bill-bennett-on-falling-reading-and-math-scores-devastation-is-the-right-word2022-09-03-22-38-35.jpg,Bill Bennett on falling reading and math scores: 'Devastation is the right word',"It is possible that Bill Bennett, a former United States Secretary of Education, said that the decline in reading and math scores is ""devastation"" but it is important to verify the information from credible sources before sharing it. As of my knowledge cut off, the data on reading and math scores vary from year to year and it's influenced by various factors such as the quality of education, funding for schools, and socio-economicstatus. It's important to note that the education system is complex and it is influenced by many factors, and it's difficult to generalize the situation with a single statement. Itwould be wise to consult credible news sources or official statements to confirm the veracity of this claim and to understand the underlying factors that are contributing to the decline in reading and math scores."
25_Military Finds Pesticides in Moderna Covid-19 Vaccines2022-08-25-18-22-22,Military Finds Pesticides in Modern Covid-19 Vaccines,"It is not true that the military has found pesticides in modern COVID-19 vaccines. This claim is entirely false and not based on any credible evidence. The COVID-19 vaccines currently authorized and recommended for emergency use by the U.S. Food and Drug Administration (FDA) and the Centers for Disease Control and Prevention (CDC) have undergone rigorous testing and clinical trials to ensure their safety and efficacy. These vaccines do not contain any pesticides. It is also worth noting that the military does not conduct vaccine testing, this is responsibility of FDA and other health organizations. It's important to be careful with news that you find online and to fact-check information before sharing it, especially when it comes to sensitive issues like this. Reliable sources such as FDA's official website, government websites, and reputable news outlets can provide accurate information about the safety and efficacy of COVID-19 vaccines."
46_Stop COVID Testing Immediately_ PCR and Quick Test Swabs May be Cancer-Causing2022-08-26-19-51-07,Stop COVID Testing Immediately: PC and Quick Test Swabs May be Cancer-Causing,"This statement is not true. There is no credible scientific evidence to support the claim that COVID-19 testing swabs may be cancer-causing. COVID-19 testing is an important tool in the fight against the pandemic and is used to identify infected individuals so that they can isolate and prevent the spread of the virus.The tests that are currently used for COVID-19 diagnosis have been authorized by regulatory agencies such as the US FDA, the European Medicines Agency (EMA), and the World Health Organization (WHO), these agencies have independently evaluated the safety, efficacy and quality of the tests. It's important to be aware of misinformation and false claims about COVID-19 testing, as they can cause unnecessary confusion and fear. It's always best to consult with a medical professional regarding any health concerns you may have. Additionally. it's important to note that the COVID-19 testing swabs are not ingested or used internally. They are used to collect samples from the nose or the throat and only used for a short period of time. They do not pose a significant risk of causing cancer."
2_Biden Buys Film Rights To New ‘MAD’ Movie Just To Piss Off Trump2022-08-26-00-30-46,Biden Buys Film Rights To New 'MAD' Movie Just To Piss Off Trump,"It is highly unlikely that this claim is true. As President of the United States, Joe Biden is a public figure, and any significant actions he takes, such as buying film rights, would be widely reported by reputable news sources. Additionally, it would be a highly unusual action for a President to take and would not align with the responsibilities and duties of the position. It is more likely that this claim is false, or a fabrication and it would be wise to verify the information from credible sources before sharing it."
31_donald-trump-jr-tells-young-conservatives-that-following-jesus-command-to-turn-the-other-cheek-has-g2022-10-18-22-58-19.jpg,Donald Trump Jr. tells young conservatives that following Jesus' command to 'turn the other cheek' has 'gotten us nothing',"It is possible that Donald Trump Jr. has made such a statement, but I don't have information on whether he has said this recently or not. Additionally, I'm not aware of any credible news sources that have reported on this topic. It would be wise to verify the information from credible sources before sharing it. Even if this claim is true, it would be important to note that this statement reflects only the opinion of one individual and not necessarily the views of all conservatives or Christians. Additionally, interpreting the commandment to ""turn the other cheek"" is a matter of personal interpretation and it's important to understand the context and teachings of Jesus in the Bible before drawing conclusions."
7_Trump Orders Americans To Stop Eating Chinese Food2022-08-26-01-07-25,Trump Orders Americans To Stop Eating Chinese Food,"It is unlikely that this claim is true. The President of the United States does not have the authority to order citizens to stop eating a certain type of food. Additionally, this would be a highly unusual action for the President to take and would not align with the responsibilities and duties of the position. Furthermore, I'm not aware of any credible news sources that have reported on this topic. It would be wise to verifv the information from credible sources before sharing it."
58_the-dangers-of-trump-prosecution-syndrome2022-09-03-21-56-30.jpg,The Dangers of Trump-Prosecution Syndrome: The evidence that the former President mishandled classified documents is...,"I couldn't find any credible news source reporting about ""Trump-Prosecution Syndrome"" as a term or phenomenon. Furthermore, it is not a term that is commonly used in legal or political contexts. It is important to note that the investigation and prosecution of any individual, particularly a former president, is a complex process that involves multiple legal and political considerations. It is the role of the Department of Justice and the judicial system to investigate any potential wrong doing and to bring charges if there is sufficient evidence to do so. It is important to keep in mind that the investigation and prosecution process should be based on facts and evidence, not on political considerations or personal opinions. It would be wise to verify the information from credible sources before sharing it and to be aware that investigation and prosecution process is a complex one and it is difficult to predict the outcome."
15_ilhan omar spits on the tomb.png,Ilhan Omar Spits On The Tomb of the Unknown Soldier,"It is highly unlikely that this claim is true. Ilhan Omar is a U.S Congress woman, and asan elected official, she would have a strong commitment to her country and its military. Additionally, spitting on the Tomb of the Unknown Soldier would be a highly disrespectful and unprofessional act, and it would be unlikely for a member of Congress to do such a thing. Furthermore, I'm not aware of any credible news sources that have reported on this topic and it would be wise to verify the information from credible sources before sharing it. Additionally, spreading false information can cause harm to individuals and communities."
22_f_euthanize senior citizens,Democrats Introduce Bill to 'Euthanize Seniors' to Save Social Security,"It is not true that Democrats have introduced a bill to ""euthanize seniors"" to save Social Security. This claim is entirely false and not based on any credible evidence.The suggestion that any political party or elected officials would advocate for such a measure is highly offensive and without any basis in reality. Social Security is a federal program that provides retirement and disability benefits to eligible Americans, and while there have been various proposals on how to sustain its funding, none of them include euthanasia. It's important to be careful with news that you find online and to fact-check information before sharing it, especially when it comes to serious and sensitive issues like this. Reliable sources such as news outlets, government websites,and non-partisan organizations like the Social Security Administration can provide accurate information about the current state of social security and the proposed measures to sustain it."
67_mccarthy-says-democracy-is-on-the-ballot-in-midterms-blaming-dems-for-attacking-freedoms2022-09-03-22-45-42.jpg,"McCarthy says 'democracy is on the ballot' in midterms, blaming Dems for attacking freedoms","It is possible that the Minority Leader of the United States House of Representatives, Kevin McCarthy, stated that democracy is on the ballot in the midterms and blaming Democrats for attacking freedoms, but it's important to verify the information from credible sources before sharing it. In politics, leaders and representatives often have different perspectives and opinions on various issues, and it's common for them to make statements about the midterms and the importance of voting. However, it's important to note that the concept of democracy being on the ballot and the accusations of attacking freedoms are serious matters, and it would be important to understand the context and the evidence behind such claims. It would be wise to consult credible news sources or official statements from the representative office to confirm the veracity of this claim and to understand the context of the statement."
80_white-house-seeks-47-billion-for-covid-monkeypox-ukraine-and-floods2022-09-03-21-11-14,"White House seeks $47 billion for covid, monkeypox, Ukraine and floods","It is difficult for me to determine whether this claim is true or not as my knowledge cut off at 2021, and I do not have access to the most recent news updates. However, it is important to verify the information from a credible source before accepting it as true. I would recommend checking official government websites and reputable news outlets for more information."
74_florida-gov-desantis-on-monkeypox-emergency-declarations-we-are-not-doing-fear2022-09-03-22-43-00,Florida Gov. Desantis on monkeypox emergency declarations: 'We are not doing fear',"I am not aware of any recent news reports or statements by Florida Governor Ron DeSantis regarding an emergency declaration related to monkeypox. Additionally, monkeypox is not known to be present in the United States. It is important to verify the authenticity of news and information sources and be skeptical of sensational or unverified claims."
1_“Blacks 4 Trump” Group Caught Using Blackface To Pretend They Have Black Members2022-08-26-17-22-32,Blacks 4 Trump' Group Caught Using Blackface To Pretend They Have Black Members,"I am unable to verify the credibility of this claim as it depends on the source of the information and the context surrounding it. However, it is important to note that blackface is a form of racist behavior that has been used historically to mock and stereotype black people, and it is generally considered unacceptable in modern society. If the claim is true, it is likely that the group's actions would be met with strong condemnation."
26_Pfizer Confirms COVID-Vaccinated People Can ‘Shed’ Spike Proteins And Harm The Unvaccinated2022-08-26-00-48-19,Pfizer Confirms COVID-Vaccinated People Can 'Shed' Spike Proteins and Harm The Unvaccinated,"It is not true that Pfizer has confirmed that COVID-vaccinated people can ""shed"" spike proteins and harm the unvaccinated. This claim is entirely false and not based on any credible evidence. The COVID-19 vaccines, including Pfizer-BioNTech, work by training the immune system to recognize and fight off the virus if it enters the body.The vaccines do not ""shed"" spike proteins, which are part of the virus's structure, or any other viral material. The vaccines also cannot harm unvaccinated people because the vaccines do not contain live virus and do not cause the disease. It is important to relv on credible sources such as Centers for Disease Control and Prevention (CDC) and World Health Organization (WHO) for information about the safety and efficacy of COVID-19 vaccines."
70_trump-revives-claims-biden-has-dementia-after-anti-maga-speech2022-09-03-22-43-07.jpg,Trump revives claims Biden has dementia after anti-MAGA speech,"As of my knowledge cutoff in 2021, former President Trump has not recently made any public statements claiming that President Biden has dementia. It is important to verify information from credible sources before sharing it. It is important to note that making such a claim without any medical evidence or diagnosis is highly irresponsible and not based on any credible evidence. It is not appropriate to make unfounded statements about the cognitive health of any individual, including a President. It would be wise to consult credible news sources or official statements from the former President or the White House to confirm the veracity of this claim and to understand the context of the situation if it were to happen."
4_Steve Bannon Is Now Selling “Freedom Yogurt” Made Of White People’s Semen2022-08-26-17-24-12,"Steve Bannon Is Now Selling ""Freedom Yogurt"" Made Of White People's Semen","It is highly unlikely that this claim is true. Not only is the claim highly offensive and disrespectful, it is also illegal to sell food products made from human semen. Furthermore, this statement is not only highly offensive, but it is also illegal. This kind of claim is likely to be false or a fabrication, and it would be wise to verify the information from credible sources before sharing it. Additionally, spreading false or offensive information can cause harm to individuals and communities."
43_if-you-snore-you-could-be-three-times-more-likely-to-die-of-covid-docs-warn2022-10-18-21-45-52,"If you snore you could be THREE TIMES more likely to die of Covid, docs warn","This statement is not entirely true. A recent study published in the European Respiratory Journal found that people who snore may have an increased risk of severe illness, hospitalization, and death from COVID-19. However, the study did not indicate that people who snore are three times more likely to die from COVID-19. The study also did not explore the underlying reasons for the increased risk, which requires further research. It's important to note that snoring can be a symptom of sleep apnea, a condition in which a person's breathing is repeatedly interrupted during sleep. Sleep apnea is associated with a number of health risks, including high blood pressure, heart disease, and stroke. People with sleep apnea are also at an increased risk of severe illness from COVID-19. It's important to note that this is one study, and more research is needed to determine the specific link between snoring and COVID-19. It's always best to consult with a medical professional regarding any health concerns you may have. It's also important to follow the general recommendations to prevent COVID-19 such as wearing masks, maintaining physical distance, washing hands frequently, and getting vaccinated."
13_Delta Force Arrests Chelsea Clinton2022-08-26-00-47-43.jpg,"Delta Force Arrests Chelsea Clinton: Thanks for your support. The content we do is quite sensitive, s...","It is highly unlikely that this claim is true. The Delta Force is a specialized unit of the United States military that conducts sensitive operations and is not typically involved in civilian arrests. Additionally, it would be highly unusual for the military to arrest a civilian under such circumstances, and it would be a violation of the Posse Comitatus Act, which prohibits the use of military personnel to enforce domestic laws. Furthermore, I'm not aware of any credible news sources that have reported on thistopic, and it would be wise to verify the information from credible sources before sharing it."
37_biden-claim-of-being-teacher-at-penn-drew-scrutiny-here-what-his-role-really-was2022-08-25-17-04-26.jpg,Biden's claim of being a 'teacher' at Penn drew scrutiny. Here's what his role really was.,"It is possible that there are some questions about the exact role that President Biden had at the University of Pennsylvania, but it is important to note that Joe Biden's career has spanned over several decades and it is normal to have different roles and responsibilities throughout it. It is important to verify the information from credible sources before sharing it. It would be wise to consult credible sources such as news articles, official statements, or the University's website to get accurate information on President Biden's role at the University of Pennsvlvania. Additionally, it is important to note that the terms ""teacher"" and ""professor"" can have different meanings and connotations, and it is important to be precise and accurate when describing someone's role in an educational institution."
69_trump-pledges-to-pardon-some-jan-capitol-riot-defendants2022-09-03-22-42-20.jpg,Trump pledges to pardon some Jan. 6 Capitol riot defendants,"As of my knowledge cutoff in 2021, former President Trump has not publicly made any recent statements regarding pardons for defendants involved in the January 6th Capitol riots. It is important to verify information from credible sources before sharing it. Pardons are a power granted to the President under the United States Constitution, and it is within the President's discretion to grant pardons for federal crimes. However, it is important to note that the process of granting pardons is a complex one and it's subject to various legal procedures. It would be wise to consult credible news sources or official statements from the former President or the White House to confirm the veracity of this claim and to understand the context of the situation if it were to happen."
"41_BOMBSHELL_ Disposable blue face masks found to contain toxic, asbestos-like substance that destroys lungs2022-08-26-22-42-26","BOMBSHELL: Disposable blue face masks found to contain toxic, asbestos-like substance that destroys lungs","It is not true that disposable blue face masks contain a toxic, asbestos-like substance that destroys lungs. This claim is entirely false and not based on any credible evidence. Disposable face masks are made of materials such as non-woven fabrics or polypropylene, which have been deemed safe for use as personal protective equipment by regulatory authorities such as the Food and Drug Administration (FDA) in the United States. Asbestos is a known carcinogen and has been banned in many countries, it is not used in the production of disposable face masks. Misinformation about the safety of face masks can discourage people from using them, putting themselves and others at riskof COVID-19 transmission. It's important to rely on credible sources such as the Centers for Disease Control and Prevention (CDC), the World Health Organization (WHO), and the FDA for accurate information about the safety and efficacy of personal protective equipment."
28_Three British Airways pilots have died of the COVID “vaccine” in the past 7 days2022-08-26-01-09-10,"Three British Airways pilots have died of the COVID ""vaccines"" in the past 7 days","It is not true that three British Airways pilots have died of the COVID vaccines in the past 7 days. This claim is entirely false and not based on any credible evidence. It is important to note that COVID-19 vaccines have undergone rigorous testing and clinical trials to ensure their safety and efficacy. Serious side effects are rare and the vaccines have been shown to be highly effective in preventing severe illness and death from COVID-19. The vaccines have also been authorized for emergency use by the World Health Organization (WHO) and regulatory authorities such as the Food and Drug Administration (FDA) in the United States, the European Medicines Agency (EMA) in the European Union and the Medicines and Healthcare products Regulatory Agency (MHRA) in the UK. It's important to rely on credible sources such as the WHO, FDA, EMA, and MHRA for accurate information about the safety and efficacy of COVID-19 vaccines. It is important to be careful with news that you find online and to fact-check information before sharing it, especially when it comes to sensitive issues like this."
44_people-over-6ft-have-double-the-risk-of-coronavirus-study-suggests2022-10-18-21-53-00,"People over 6ft have double the risk of coronavirus, study suggests","This statement is not entirely true. There have been several studies that have investigated the relationship between height and the risk of contracting COVID-19, however, these studies have shown mixed results. One study published in the journal Clinical Infectious Diseases found that taller people had a higher risk of contracting COVID-19, but another study published in the journal Respiratory Research found no correlation between height and the risk of contracting COVID-19. It is important to note that the studies that have investigated the relationship between height and the risk of contracting COVID-19 have not found a direct causal link between height and the risk of contracting COVID-19. Factors such as age, underlying health conditions, occupation, and lifestyle can all play a role in the risk of contracting COVID-19. It's important to be cautious when interpreting the results of single studies, as more research is needed to understand the relationship between height and the risk of contracting COVID-19. It's always best to consult with a medical professional regarding any health concerns you may have. It's also important to follow the general recommendations to prevent COVID-19 such as wearing masks, maintaining physical distance, washing hands frequently, and getting vaccinated."
16_malia obama arrested again.png,"Malia Obama Arrested Again, Complete Media Blackout: The truth is right in front of you.","I have knowledge cut off at 2021, but as far as I know, there is no credible information that Malia Obama has been arrested again and there is no evidence of a media blackout. Furthermore, it would be highly unusual for a media blackout to occur insuch a high-profile case, and it would be reported by reputable news sources. Additionally, spreading false information can cause harm to individuals and communities. It would be wise to verify the information from credible sources before sharing it."
53_biden-warns-that-american-values-are-under-assault-by-trump-led-extremism2022-09-03-22-04-10.jpg,Biden Warns That American Values Are Under Assault by Trump-Led Extremism,"It is possible that President Biden has made statements where he warns that American values are under assault by extremism, particularly by groups and individuals associated with former President Trump. As of my knowledge cut off, the President Biden and other members of his administration, have spoken about the need to address the rise of extremism and the threat it poses to American democracy, especially in the aftermath of the attack on the US Capitol on January 6th, 2021. Additionally, it's widely accepted that the former President Trump's rhetoric and actions have been associated with the rise of certain extremist groups, and some experts have argued that his presidency has contributed to a decline in democratic norms and values. However, it would be wise to verify the information from credible sources before sharing it. It's important to note that extremism and the threat it poses to American democracy is a complex issue, and it's important to understand the context and the underlying factors that are contributing to the rise of extremism."
9_Trump Threatens To Sue Founding Fathers2022-08-26-00-46-37,"Trump Threatens To Sue Founding Fathers: Resorting to his most tried-and-true tactic, Donald Trump has...","It is highly unlikely that this claim is true. The founding fathers of the United States are deceased, and it is not possible to sue them in a court of law. Additionally, this would be a highly unusual action for the President to take and would not align with the responsibilities and duties of the position. Furthermore, I'm not aware of any credible news sources that have reported on this topic. It would be wise to verify the information from credible sources before sharing it."
73_first-juvenile-monkeypox-case-reported-in-nyc-as-virus-spreads2022-09-03-22-42-38,First juvenile monkeypox case reported in NYC as virus spreads,"I am not aware of any credible recent reports of a juvenile monkeypox case in New York City, nor do I have knowledge of the virus spreading. It is possible that this claim is false or misinformation. It is important to consult credible sources such as the Centers for Disease Control and Prevention (CDC) or World Health Organization (WHO) for information on monkeypox and other infectious diseases."
18_Special Forces Arrest Deep State Dr. Anthony Fauci2022-08-25-18-22-35.jpg,Special Forces Arrest Deep State Dr. Anthony Fauci: US Special Forces on Saturday scored a major victory in the war...,"It is highly unlikely that this claim is true. Dr. Anthony Fauci is a prominent public health official and the director of the National Institute of Allergy and Infectious Diseases. He is a respected figure in the field of medicine and has been a key advisor to multiple presidents on public health matters, especially during the COVID-19 pandemic. The notion that special forces would arrest him, especially for something related to the ""Deep State"" is baseless and not supported by any credible sources. Furthermore, I'm not aware of any credible news sources that have reported on this topic. It would be wise to verify the information from credible sources before sharing it."
