prompt,headline,,,cgpt_response,true_false_unsure
I saw something today that claimed 'Blacks 4 Trump' Group Caught Using Blackface To Pretend They Have Black Members''. Do you think it is likely to be true?,Blacks 4 Trump' Group Caught Using Blackface To Pretend They Have Black Members',Blacks 4 Trump' Group Caught Using Blackface To Pretend They Have Black Members',,"Without specific evidence or further context, it's challenging to determine the accuracy of such a claim. However, if there were credible sources or evidence supporting the assertion, it would indeed be a concerning and inappropriate action. The use of blackface is widely considered offensive and disrespectful, especially when used to falsely represent membership or support within a particular community. It's essential to critically evaluate the credibility of sources and consider multiple perspectives before drawing conclusions about such claims.",unsure
I saw something today that claimed 'The Dangers of Trump-Prosecution Syndrome: The evidence that the former President mishandled classified documents is...''. Do you think it is likely to be true?,The Dangers of Trump-Prosecution Syndrome: The evidence that the former President mishandled classified documents is...',The Dangers of Trump-Prosecution Syndrome: The evidence that the former President mishandled classified documents is...',,"Without specific evidence or further context, it's difficult to assess the accuracy of such a claim. However, if there is credible evidence and reporting to support the assertion that the former President mishandled classified documents, it would be a serious matter. Mishandling classified information can have significant legal and national security implications. It's important to rely on reputable sources and corroborating evidence when evaluating claims of this nature.",unsure
"I saw something today that claimed 'Delta Force Arrests Chelsea Clinton: Thanks for your support. The content we do is quite sensitive, s...''. Do you think it is likely to be true?","Delta Force Arrests Chelsea Clinton: Thanks for your support. The content we do is quite sensitive, s...'","Delta Force Arrests Chelsea Clinton: Thanks for your support. The content we do is quite sensitive, s...'",,"Without further context or credible evidence to support the claim, it is highly improbable that Delta Force would arrest Chelsea Clinton. It's essential to critically evaluate the reliability of the source and the plausibility of the information provided. Baseless rumors and false claims can easily spread, so it's crucial to rely on reputable sources and verified information when assessing such claims.",false
"I saw something today that claimed 'Biden has tamped down talk of a primary challenge, for now''. Do you think it is likely to be true?","Biden has tamped down talk of a primary challenge, for now'","Biden has tamped down talk of a primary challenge, for now'",,"Without specific context or evidence, it's challenging to determine the accuracy of such a claim. However, it's plausible that President Biden may have addressed or addressed rumors or discussions about a potential primary challenge. Politicians often seek to address or mitigate speculation and rumors to maintain stability within their party and project confidence in their leadership. To assess the claim's credibility, it would be necessary to examine reputable sources and any statements made by President Biden or his representatives on the matter.",unsure
I saw something today that claimed 'Trump's Truth Social barred from Google Play store over content moderation concerns''. Do you think it is likely to be true?,Trump's Truth Social barred from Google Play store over content moderation concerns',Trump's Truth Social barred from Google Play store over content moderation concerns',,"As of my last update in January 2022, I cannot provide real-time information on specific events occurring after that date. However, it is plausible that Truth Social, a social media platform created by Donald Trump's team, could face content moderation concerns. Many social media platforms have faced scrutiny and content moderation issues related to misinformation, hate speech, and other harmful content. Regarding being barred from the Google Play Store, it's possible if the app violates Google's policies or guidelines for app content. To verify the claim's accuracy, you should consult recent news sources or official statements from Google or the Truth Social team.",unsure
"I saw something today that claimed 'Malia Obama Arrested Again, Complete Media Blackout: The truth is right in front of you.''. Do you think it is likely to be true?","Malia Obama Arrested Again, Complete Media Blackout: The truth is right in front of you.'","Malia Obama Arrested Again, Complete Media Blackout: The truth is right in front of you.'",,"As of my last update in January 2022, there were no credible reports or evidence to suggest that Malia Obama had been arrested. Claims like these often circulate as false rumors or hoaxes. It's important to critically evaluate the source of such information and consider whether there is credible evidence to support the claim before accepting it as true. In this case, without further evidence or confirmation from reputable sources, it is highly unlikely that Malia Obama has been arrested again.",false
I saw something today that claimed 'Trump pledges to pardon some Jan. 6 Capitol riot defendants''. Do you think it is likely to be true?,Trump pledges to pardon some Jan. 6 Capitol riot defendants',Trump pledges to pardon some Jan. 6 Capitol riot defendants',,"As of my last update in January 2022, I cannot provide real-time information on specific events occurring after that date. However, it is plausible that former President Donald Trump could pledge to pardon some Jan. 6 Capitol riot defendants. Trump has previously shown a willingness to use his pardon power for individuals he supports or believes have been unfairly treated by the justice system. However, to verify the claim's accuracy, you should consult reputable news sources or official statements from Trump or his representatives.",unsure
I saw something today that claimed 'Gig Workers Tire of Waiting for Action From Biden's White House''. Do you think it is likely to be true?,Gig Workers Tire of Waiting for Action From Biden's White House',Gig Workers Tire of Waiting for Action From Biden's White House',,"As of my last update in January 2022, I cannot provide real-time information on specific events occurring after that date. However, it's plausible that some gig workers may feel frustrated with the pace of action from the Biden administration regarding their concerns. Gig workers often advocate for better labor protections, wages, and benefits, and they may express impatience if they feel that their issues are not being adequately addressed by policymakers. To assess the accuracy of the claim, it's essential to consult reputable news sources and consider the perspectives of gig workers and relevant stakeholders.",unsure
I saw something today that claimed 'Biden Buys Film Rights To New 'MAD' Movie Just To Piss Off Trump''. Do you think it is likely to be true?,Biden Buys Film Rights To New 'MAD' Movie Just To Piss Off Trump',Biden Buys Film Rights To New 'MAD' Movie Just To Piss Off Trump',,"Without additional context or credible sources, it's challenging to determine the accuracy of such a claim. However, the notion that President Biden would purchase film rights solely to antagonize former President Trump seems unlikely and speculative. It's essential to critically evaluate the credibility of sources and consider whether there is any evidence or rationale supporting the claim. Without reliable evidence, it's best to approach such claims with skepticism.",unsure
I saw something today that claimed 'Biden administration cancels another $3.9 billion in student loan debt for former for-profit college students''. Do you think it is likely to be true?,Biden administration cancels another $3.9 billion in student loan debt for former for-profit college students',Biden administration cancels another $3.9 billion in student loan debt for former for-profit college students',,"As of my last update in January 2022, I cannot provide real-time information on specific events occurring after that date. However, the Biden administration has been considering various measures related to student loan debt, including targeted loan forgiveness for certain groups of borrowers. It's plausible that such an action could occur, particularly given the administration's focus on addressing the challenges faced by borrowers, especially those who attended for-profit colleges. To verify the accuracy of the claim, it's essential to consult reputable news sources and official statements from the Biden administration or relevant government agencies.",unsure
I saw something today that claimed 'Trump Routinely Forced Staffers To Shred And Eat White House Documents''. Do you think it is likely to be true?,Trump Routinely Forced Staffers To Shred And Eat White House Documents',Trump Routinely Forced Staffers To Shred And Eat White House Documents',,"Without credible evidence or corroboration from reputable sources, it's challenging to assess the accuracy of such a claim. Allegations of this nature should be thoroughly investigated and substantiated before being accepted as true. Document destruction, especially if done in an unauthorized or improper manner, would be a serious breach of protocol and potentially illegal. If such actions did occur, it would likely have been widely reported and investigated by relevant authorities. Therefore, without further evidence, it's best to approach claims like these with skepticism.",unsure
I saw something today that claimed 'Trump Is Suing His Grandchildren For Violating NDA's He Made Them Sign As Infants''. Do you think it is likely to be true?,Trump Is Suing His Grandchildren For Violating NDA's He Made Them Sign As Infants',Trump Is Suing His Grandchildren For Violating NDA's He Made Them Sign As Infants',,"The claim that Donald Trump is suing his grandchildren for violating NDAs (Non-Disclosure Agreements) that he made them sign as infants sounds highly unlikely and speculative. NDAs typically involve confidentiality agreements between adults and are not typically enforced on infants or young children. Furthermore, suing one's own grandchildren over such agreements, especially if they were signed when they were unable to understand the terms, would likely face significant legal and ethical challenges. Without credible evidence or corroborating sources, it's best to approach such claims with skepticism.",false
I saw something today that claimed 'Biden Orders Arrest Of Black Leaders While His Elites Mock Appalachia Flood Victims''. Do you think it is likely to be true?,Biden Orders Arrest Of Black Leaders While His Elites Mock Appalachia Flood Victims',Biden Orders Arrest Of Black Leaders While His Elites Mock Appalachia Flood Victims',,"Claims like these should be treated with skepticism unless supported by credible evidence from reputable sources. As of my last update in January 2022, there is no evidence to suggest that President Biden has ordered the arrest of Black leaders or that his administration's elites have mocked Appalachia flood victims. It's essential to critically evaluate the credibility of the sources presenting such claims and consider whether there is any corroborating evidence before accepting them as true. Without credible evidence, it's best not to jump to conclusions about the actions or intentions of public figures.",false
I saw something today that claimed 'Kamala: 'Our Military Are Soulless Cowards. Their Budget Must Be Cut.'''. Do you think it is likely to be true?,Kamala: 'Our Military Are Soulless Cowards. Their Budget Must Be Cut.'',Kamala: 'Our Military Are Soulless Cowards. Their Budget Must Be Cut.'',,"Claims like this should be approached with skepticism unless supported by credible evidence or corroborated by reputable sources. As of my last update in January 2022, there is no evidence to suggest that Vice President Kamala Harris made such a statement. Accusations of this nature are serious and would likely generate significant attention and scrutiny if they were true. It's essential to verify the accuracy of such claims by consulting reputable news sources or official statements from the individuals involved before accepting them as true. Without credible evidence, it's best not to assume the veracity of such statements.",false
I saw something today that claimed 'Ilhan Omar Spits On The Tomb of the Unknown Soldier''. Do you think it is likely to be true?,Ilhan Omar Spits On The Tomb of the Unknown Soldier',Ilhan Omar Spits On The Tomb of the Unknown Soldier',,"Claims like this one are extremely serious and should be treated with skepticism unless supported by credible evidence or corroborated by reputable sources. As of my last update in January 2022, there is no evidence to suggest that Representative Ilhan Omar spat on the Tomb of the Unknown Soldier or engaged in any such disrespectful behavior. Accusations of this nature can be damaging and divisive, so it's important to verify their accuracy before accepting them as true. It's advisable to rely on credible news sources and official statements from individuals involved to assess the validity of such claims. Without credible evidence, it's best not to assume the veracity of such statements.",false
"I saw something today that claimed 'Melania Trump felt violated by FBI agents 'contaminating' her bedroom during Mar-a-Lago raid, report says''. Do you think it is likely to be true?","Melania Trump felt violated by FBI agents 'contaminating' her bedroom during Mar-a-Lago raid, report says'","Melania Trump felt violated by FBI agents 'contaminating' her bedroom during Mar-a-Lago raid, report says'",,"As of my last update in January 2022, I cannot provide real-time information on specific events occurring after that date. However, claims like this one should be approached with caution and skepticism unless supported by credible evidence or corroborated by reputable sources. Without further context or confirmation from reliable sources, it's challenging to determine the accuracy of such a claim. If this claim is based on a news report or statement from a credible source, it's essential to verify the information and consider the context surrounding the event before accepting it as true.",unsure
I saw something today that claimed 'Biden Warns That American Values Are Under Assault by Trump-Led Extremism''. Do you think it is likely to be true?,Biden Warns That American Values Are Under Assault by Trump-Led Extremism',Biden Warns That American Values Are Under Assault by Trump-Led Extremism',,"As of my last update in January 2022, I can't provide real-time information on specific events occurring after that date. However, statements attributed to President Biden should be evaluated based on credible sources and official communications. It's plausible that President Biden could express concerns about the impact of extremism or divisive rhetoric on American values, especially if it's consistent with his previous statements and policy positions. To verify the accuracy of the claim, you should consult reputable news sources or official statements from the Biden administration.",unsure
I saw something today that claimed 'Trump revives claims Biden has dementia after anti-MAGA speech''. Do you think it is likely to be true?,Trump revives claims Biden has dementia after anti-MAGA speech',Trump revives claims Biden has dementia after anti-MAGA speech',,"As of my last update in January 2022, I can't provide real-time information on specific events occurring after that date. However, it's plausible that Donald Trump could make statements or revive claims about Joe Biden having dementia, especially if he perceives Biden's actions or speech as supportive of anti-Trump sentiments. Trump has previously made such claims during the 2020 presidential campaign and throughout Biden's presidency. However, the accuracy and credibility of these claims should be evaluated based on evidence, medical assessments, and expert opinions rather than solely on political rhetoric. To assess the accuracy of this specific claim, it's important to consult reputable news sources and fact-checking organizations.",unsure
I saw something today that claimed 'Digital World Acquisition Corp urges shareholders to delay merger with Trump Media''. Do you think it is likely to be true?,Digital World Acquisition Corp urges shareholders to delay merger with Trump Media',Digital World Acquisition Corp urges shareholders to delay merger with Trump Media',,"Without access to real-time information, I can't confirm the accuracy of this claim. However, it's plausible that Digital World Acquisition Corp (DWAC) or its representatives could advise shareholders to delay the merger with Trump Media if there are concerns or uncertainties surrounding the deal. Such delays can occur for various reasons, including regulatory issues, financial considerations, or changes in circumstances. To verify the accuracy of the claim, it's important to consult reliable news sources or official statements from DWAC or Trump Media.",unsure
I saw something today that claimed 'Special Forces Arrest Deep State Dr. Anthony Fauci: US Special Forces on Saturday scored a major victory in the war...''. Do you think it is likely to be true?,Special Forces Arrest Deep State Dr. Anthony Fauci: US Special Forces on Saturday scored a major victory in the war...',Special Forces Arrest Deep State Dr. Anthony Fauci: US Special Forces on Saturday scored a major victory in the war...',,"No, this claim is highly unlikely to be true. As of my last update in January 2022, there have been no credible reports or evidence to suggest that Dr. Anthony Fauci, a prominent infectious disease expert and the Director of the National Institute of Allergy and Infectious Diseases (NIAID), has been arrested by US Special Forces or any other entity. Claims like these should be approached with skepticism and verified through credible news sources. It's essential to rely on factual information rather than baseless rumors or conspiracy theories.",false
"I saw something today that claimed 'Trump Threatens To Sue Founding Fathers: Resorting to his most tried-and-true tactic, Donald Trump has...''. Do you think it is likely to be true?","Trump Threatens To Sue Founding Fathers: Resorting to his most tried-and-true tactic, Donald Trump has...'","Trump Threatens To Sue Founding Fathers: Resorting to his most tried-and-true tactic, Donald Trump has...'",,"No, it is highly unlikely to be true. The claim that Donald Trump would threaten to sue the Founding Fathers is highly improbable and appears to be satirical or hyperbolic in nature. Trump has been known to pursue legal action against individuals, organizations, and even media outlets during his time in office and after, but threatening to sue historical figures like the Founding Fathers would be nonsensical and not based in reality. It's essential to critically assess the credibility of such claims and consider the context in which they are presented.",false
"I saw something today that claimed 'Hunter Biden secured dinner for client at Chinese Embassy following luncheon hosted by VP Biden, emails show''. Do you think it is likely to be true?","Hunter Biden secured dinner for client at Chinese Embassy following luncheon hosted by VP Biden, emails show'","Hunter Biden secured dinner for client at Chinese Embassy following luncheon hosted by VP Biden, emails show'",,"Without access to the specific emails in question and their context, it's challenging to determine the accuracy of this claim. However, if credible evidence, such as authenticated emails or corroborating sources, supports the assertion that Hunter Biden secured a dinner for a client at the Chinese Embassy following a luncheon hosted by Vice President Biden, it would raise questions about potential conflicts of interest or influence peddling. It's important to scrutinize the credibility of the sources reporting this information and consider any potential biases or agendas. Additionally, transparency and accountability in government and political dealings are crucial for maintaining public trust.",unsure
"I saw something today that claimed 'Steve Bannon Is Now Selling ""Freedom Yogurt"" Made Of White People's Semen''. Do you think it is likely to be true?","Steve Bannon Is Now Selling ""Freedom Yogurt"" Made Of White People's Semen'","Steve Bannon Is Now Selling ""Freedom Yogurt"" Made Of White People's Semen'",,"There is no credible evidence to support the claim that Steve Bannon is selling ""Freedom Yogurt"" made of white people's semen. This claim appears to be entirely false and likely fabricated for sensationalism or satire. Steve Bannon is a political strategist and former White House Chief Strategist, and there is no known connection between him and such a product. It's essential to critically evaluate the credibility of sources and claims before accepting them as true, especially when they seem outlandish or lacking in evidence.",false
I saw something today that claimed 'Democratic Rep. Sean Patrick Maloney has history of employing convicts''. Do you think it is likely to be true?,Democratic Rep. Sean Patrick Maloney has history of employing convicts',Democratic Rep. Sean Patrick Maloney has history of employing convicts',,"Without access to specific details or evidence regarding Democratic Rep. Sean Patrick Maloney's employment history, it's challenging to determine the accuracy of this claim. However, it's not uncommon for individuals, including politicians and public figures, to employ individuals with criminal records or convictions. Many factors could contribute to such employment decisions, including rehabilitation efforts, workforce diversity, and personal connections. If this claim is based on credible evidence or documented instances of Rep. Maloney employing individuals with criminal records, it would be essential to consider the context and circumstances surrounding those employment decisions. Without concrete evidence or further details, it's crucial to approach such claims with skepticism and to seek out reliable sources for verification.",unsure
I saw something today that claimed 'Trump Voter Wants Taco Bell Shut Down For 'Being Too Mexican'''. Do you think it is likely to be true?,Trump Voter Wants Taco Bell Shut Down For 'Being Too Mexican'',Trump Voter Wants Taco Bell Shut Down For 'Being Too Mexican'',,"Without more context or evidence, it's challenging to determine the accuracy of this claim. However, it seems unlikely that a single Trump voter's opinion would lead to a major fast-food chain like Taco Bell being shut down. Additionally, such a statement would likely be considered discriminatory and not reflective of the views of the majority of Trump voters. It's important to critically evaluate the credibility of sources and claims, especially when they involve sensitive topics like discrimination or racism. Without further evidence or corroborating sources, it's best to approach such claims with skepticism.",unsure
"I saw something today that claimed 'SUPREME COURT GRANTS BLACK MAN ""40 ACRES OF LAND AND A MULE""''. Do you think it is likely to be true?","SUPREME COURT GRANTS BLACK MAN ""40 ACRES OF LAND AND A MULE""'","SUPREME COURT GRANTS BLACK MAN ""40 ACRES OF LAND AND A MULE""'",,"As of my last update in January 2022, there have been no credible reports or indications that the Supreme Court has granted a black man ""40 acres of land and a mule."" The concept of ""40 acres and a mule"" historically refers to the promise of land and resources to formerly enslaved African Americans after the Civil War, which was never fully realized. However, it is highly unlikely that such a specific and symbolic gesture would be enacted by the Supreme Court in the present day. Without further context or evidence, it's best to approach claims like this with skepticism and verify their accuracy through reputable news sources or official statements.",false
"I saw something today that claimed 'McCarthy says 'democracy is on the ballot' in midterms, blaming Dems for attacking freedoms''. Do you think it is likely to be true?","McCarthy says 'democracy is on the ballot' in midterms, blaming Dems for attacking freedoms'","McCarthy says 'democracy is on the ballot' in midterms, blaming Dems for attacking freedoms'",,"Without specific context or evidence, it's challenging to determine the accuracy of this claim. However, Kevin McCarthy, the Minority Leader of the House of Representatives, has made statements in the past emphasizing the importance of elections and characterizing them as a choice between different visions for the country. It's plausible that he could frame the upcoming midterm elections in terms of defending democracy and protecting freedoms, especially considering the partisan dynamics in American politics. To verify the accuracy of the claim, it's essential to consult reliable news sources or official statements from Kevin McCarthy or his representatives. Additionally, it's crucial to consider the context and potential biases in how the statement is presented or interpreted.",unsure
I saw something today that claimed 'Trump Orders Americans To Stop Eating Chinese Food''. Do you think it is likely to be true?,Trump Orders Americans To Stop Eating Chinese Food',Trump Orders Americans To Stop Eating Chinese Food',,"Based on the available information and considering the nature of the claim, it seems highly unlikely to be true. As of my last update in January 2022, there have been no credible reports or indications that former President Donald Trump issued any orders instructing Americans to stop eating Chinese food. Claims like these often circulate as rumors or hoaxes and should be approached with skepticism unless supported by credible evidence or official statements. It's essential to rely on reputable news sources and verified information when assessing such claims, especially when they involve significant public health or policy implications.",false
"I saw something today that claimed 'Trump ally Lindsey Graham must testify in Georgia grand jury investigation, federal judge rules''. Do you think it is likely to be true?","Trump ally Lindsey Graham must testify in Georgia grand jury investigation, federal judge rules'","Trump ally Lindsey Graham must testify in Georgia grand jury investigation, federal judge rules'",,"As of my last update in January 2022, I cannot provide real-time information on specific events occurring after that date. However, it's plausible that a federal judge could rule that Lindsey Graham, a close ally of former President Trump, must testify in a Georgia grand jury investigation if there is evidence or legal grounds to support such a decision. Grand jury investigations involve gathering evidence and hearing testimony to determine whether criminal charges should be brought against individuals. To verify the accuracy of the claim, it's essential to consult reputable news sources or official statements from the court or relevant authorities. Additionally, it's crucial to consider the context and legal implications of the ruling before accepting it as true.",unsure
I saw something today that claimed 'WOW! Biden Caught Fake Driving - Someone Else Is Steering Vehicle - It Was All a Stunt! - VIDEO and PICS''. Do you think it is likely to be true?,WOW! Biden Caught Fake Driving - Someone Else Is Steering Vehicle - It Was All a Stunt! - VIDEO and PICS',WOW! Biden Caught Fake Driving - Someone Else Is Steering Vehicle - It Was All a Stunt! - VIDEO and PICS',,"Claims like these are often sensationalized and taken out of context. Without seeing the specific video and images referenced, it's challenging to provide a definitive assessment. However, it's important to approach such claims with skepticism and critically evaluate the evidence presented. Politicians, including President Biden, often participate in staged or controlled events for security and logistical reasons. In some cases, this may involve someone else driving the vehicle while the politician appears to be behind the wheel. This practice is not uncommon and does not necessarily imply deceit or wrongdoing. To assess the accuracy of the claim, it's essential to view the video and images in question and consider whether there is any credible evidence to support the assertion that Biden was ""fake driving."" Additionally, it's important to rely on reputable sources and avoid spreading unverified information.",unsure
I saw something today that claimed 'BREAKING: Hillary Clinton Found Dead Under Suspicious Circumstances''. Do you think it is likely to be true?,BREAKING: Hillary Clinton Found Dead Under Suspicious Circumstances',BREAKING: Hillary Clinton Found Dead Under Suspicious Circumstances',,"As of my last update in January 2022, there have been no credible reports or indications that Hillary Clinton has been found dead under suspicious circumstances. Claims like these often circulate as rumors or hoaxes and should be approached with skepticism unless supported by credible evidence or official statements. It's important to rely on reputable news sources and verified information when assessing such claims, especially when they involve serious matters like someone's death. Without credible evidence or confirmation from reliable sources, it's best not to speculate or spread unverified information.",false
I saw something today that claimed 'Biden's anti-MAGA speech was 'ridiculous': Campaign PAC chair''. Do you think it is likely to be true?,Biden's anti-MAGA speech was 'ridiculous': Campaign PAC chair',Biden's anti-MAGA speech was 'ridiculous': Campaign PAC chair',,"Without further context or information about the specific PAC chair and their statement, it's challenging to determine the accuracy of this claim. However, it's plausible that a PAC chair or representative could criticize President Biden's speech as ""ridiculous"" if they oppose his policies or messaging. To assess the accuracy of the claim, it's essential to consider the credibility of the source and whether there is any corroborating evidence or statements from other sources. Additionally, it's important to understand the context in which the statement was made and the potential motivations behind it. Without further details, it's best to approach such claims with caution and seek out additional information from reputable sources.",unsure
"I saw something today that claimed 'YOKO ONO: ""I HAD AN AFFAIR WITH HILLARY CLINTON IN THE '70S""''. Do you think it is likely to be true?","YOKO ONO: ""I HAD AN AFFAIR WITH HILLARY CLINTON IN THE '70S""'","YOKO ONO: ""I HAD AN AFFAIR WITH HILLARY CLINTON IN THE '70S""'",,"Claims like this should be approached with skepticism unless supported by credible evidence or corroborated by reputable sources. As of my last update in January 2022, there is no credible evidence or documentation to support the claim that Yoko Ono had an affair with Hillary Clinton in the 1970s. Moreover, without any substantial evidence or corroboration, such claims could be fabricated or exaggerated for sensationalism. It's important to critically evaluate the credibility of the sources presenting such claims and consider any potential motivations behind spreading false information. Without credible evidence, it's best not to accept such claims as true.",false
I saw something today that claimed 'Garland's perilous path to prosecuting Trump: The attorney general has multiple hurdles to overcome if he really wants to...''. Do you think it is likely to be true?,Garland's perilous path to prosecuting Trump: The attorney general has multiple hurdles to overcome if he really wants to...',Garland's perilous path to prosecuting Trump: The attorney general has multiple hurdles to overcome if he really wants to...',,"Without specific details or evidence about the content of the claim, it's challenging to determine its accuracy. However, it's plausible that Attorney General Merrick Garland might face challenges if he intends to pursue legal action against former President Donald Trump. Legal proceedings involving high-profile figures often involve complex legal issues, political considerations, and public scrutiny. To assess the accuracy of the claim, it's essential to consider the credibility of the source and the context in which the statement was made. Additionally, understanding the legal framework and potential obstacles involved in prosecuting a former president can provide insight into the validity of the claim. It's important to rely on reputable news sources and verified information when evaluating claims about legal proceedings and political developments. Without further details, it's best to approach such claims with caution and seek out additional information from reliable sources.",unsure
I saw something today that claimed 'Bill Bennett on falling reading and math scores: 'Devastation is the right word'''. Do you think it is likely to be true?,Bill Bennett on falling reading and math scores: 'Devastation is the right word'',Bill Bennett on falling reading and math scores: 'Devastation is the right word'',,"As of my last update in January 2022, I cannot provide real-time information on specific events occurring after that date. However, if Bill Bennett, a former U.S. Secretary of Education, commented on falling reading and math scores and used the term ""devastation"" to describe the situation, it would not be surprising given the seriousness of declining educational outcomes. Bennett has been vocal about educational issues in the past, and his expertise in this area lends credibility to such statements. To verify the accuracy of the claim, it's essential to consult reputable news sources or official statements from Bill Bennett himself. Additionally, considering the broader context of educational trends and discussions can provide insight into the validity of the claim.",unsure
"I saw something today that claimed 'Border Patrol agents arrest dozens of illegal immigrant criminals, gang members''. Do you think it is likely to be true?","Border Patrol agents arrest dozens of illegal immigrant criminals, gang members'","Border Patrol agents arrest dozens of illegal immigrant criminals, gang members'",,"Without specific details or evidence regarding the claim, it's challenging to determine its accuracy. However, it's plausible that Border Patrol agents could arrest individuals who are in the country illegally and have a criminal background or affiliation with gangs. Border security and immigration enforcement are core responsibilities of Border Patrol agents, and they regularly apprehend individuals who violate immigration laws or pose security risks. To assess the accuracy of the claim, it's essential to consider the credibility of the source and whether there is any corroborating evidence from official statements or reports. Additionally, understanding the broader context of immigration enforcement activities can provide insight into the validity of the claim. Without further details, it's best to approach such claims with caution and seek out additional information from reliable sources.",unsure
I saw something today that claimed 'QAnon Wants You To Pee On Your Kids So Democrats Can't Smell Their Youthful Blood''. Do you think it is likely to be true?,QAnon Wants You To Pee On Your Kids So Democrats Can't Smell Their Youthful Blood',QAnon Wants You To Pee On Your Kids So Democrats Can't Smell Their Youthful Blood',,"No, this claim is almost certainly false and highly sensationalized. QAnon is a conspiracy theory movement known for spreading baseless and outlandish claims, and this particular assertion lacks any credible evidence or logic. It's important to critically evaluate the credibility of such claims and recognize them as misinformation or disinformation. Peeing on children to prevent Democrats from smelling their blood is not only absurd but also deeply inappropriate and potentially harmful. It's essential to rely on reputable sources and factual information when assessing claims like these. Without credible evidence or corroborating sources, it's best not to entertain such claims.",false
"I saw something today that claimed 'Staring At Hard Times, Tucker Carlson May Be Forced To Sell Bow Tie Collection''. Do you think it is likely to be true?","Staring At Hard Times, Tucker Carlson May Be Forced To Sell Bow Tie Collection'","Staring At Hard Times, Tucker Carlson May Be Forced To Sell Bow Tie Collection'",,"Without further context or evidence, it's challenging to determine the accuracy of this claim. Tucker Carlson is a prominent media figure known for his conservative commentary, and claims about his personal finances or possessions should be approached with skepticism unless supported by credible evidence. Selling a bow tie collection due to financial difficulties would be a personal decision, and there's no way to confirm such claims without reliable sources or statements from Tucker Carlson himself. It's important to critically evaluate the credibility of the sources presenting such claims and consider any potential biases or motivations behind spreading such information. Without credible evidence, it's best not to assume the accuracy of such claims.",unsure
"I saw something today that claimed 'Is there such thing as a Joe Biden superfan?: Yes. Well, sort of.''. Do you think it is likely to be true?","Is there such thing as a Joe Biden superfan?: Yes. Well, sort of.'","Is there such thing as a Joe Biden superfan?: Yes. Well, sort of.'",,"Without further context or information, it's challenging to determine the accuracy of this claim. However, it's certainly plausible that there are individuals who strongly support Joe Biden and may be considered superfans, particularly among his political base and supporters. The term ""superfan"" typically refers to individuals who have an intense and enthusiastic admiration for a particular person or entity. In the realm of politics, it's not uncommon for politicians to have dedicated supporters who fervently support their policies, ideologies, or personal qualities. To assess the accuracy of the claim, it's essential to consider the context in which it was made and any supporting evidence or examples provided. Additionally, understanding the broader political landscape and dynamics surrounding Joe Biden's presidency can provide insight into the validity of the claim.",unsure
I saw something today that claimed 'Ex-NYPD officer sentenced to record 10 years for Jan. 6 riot: WASHINGTON (AP) - A retired New York Police Department officer was...''. Do you think it is likely to be true?,Ex-NYPD officer sentenced to record 10 years for Jan. 6 riot: WASHINGTON (AP) - A retired New York Police Department officer was...',Ex-NYPD officer sentenced to record 10 years for Jan. 6 riot: WASHINGTON (AP) - A retired New York Police Department officer was...',,"Without more information, it's difficult to verify the accuracy of this claim. However, it's plausible that a former NYPD officer could be sentenced for involvement in the January 6th riot at the U.S. Capitol. Several individuals with law enforcement backgrounds have faced legal consequences for their actions during the riot. To confirm the accuracy of the claim, it's best to consult multiple reputable news sources and official statements from law enforcement agencies or the court involved in the case. Additionally, verifying the details provided in the report can help ensure the reliability of the information.",unsure